﻿<?xml version="1.0" standalone="yes"?>
<ew-language date="2015/5/14" version="8.0.0" id="en" name="English" desc="English" author="e.World Technology Ltd.">
	<locale>
		<phrase id="locale" value=""/><!-- *** system locale for this language -->
		<phrase id="use_system_locale" value="1"/><!-- *** change to "0" to disable system locale and use the following settings *** -->
		<phrase id="decimal_point" value="."/>
		<phrase id="thousands_sep" value=","/>
		<phrase id="mon_decimal_point" value="."/>
		<phrase id="mon_thousands_sep" value=","/>
		<phrase id="currency_symbol" value="$"/>
		<phrase id="positive_sign" value=""/>
		<phrase id="negative_sign" value="-"/>
		<phrase id="frac_digits" value="2"/>
		<phrase id="p_cs_precedes" value="1"/>
		<phrase id="p_sep_by_space" value="0"/>
		<phrase id="n_cs_precedes" value="1"/>
		<phrase id="n_sep_by_space" value="0"/>
		<phrase id="p_sign_posn" value="3"/>
		<phrase id="n_sign_posn" value="3"/>
		<phrase id="time_zone" value="US/Pacific"/><!-- *** used for multi-language site only *** -->
	</locale>
	<global>
		<phrase id="allrecords" value="All"/>
		<phrase id="alwaysask" value="Always ask for my user name and password"/>
		<phrase id="autologin" value="Auto login until I logout explicitly"/>
		<phrase id="backtologin" value="Back to Login Page"/>
		<phrase id="booleanno" value="No"/>
		<phrase id="booleanyes" value="Yes"/>
		<phrase id="breadcrumbdivider" value="/"/>
		<phrase id="browsernoflashsupport" value="Your browser does not support Flash player." client="1"/>
		<phrase id="buttonexport" value="Export" class="icon-export ewIcon"/><!-- v8 -->
		<phrase id="cancel" value="Cancel" client="1"/><!-- v8 -->
		<phrase id="chartorder" value="Order by"/>
		<phrase id="chartorderxasc" value="Labels ASC"/>
		<phrase id="chartorderxdesc" value="Labels DESC"/>
		<phrase id="chartorderyasc" value="Values ASC"/>
		<phrase id="chartorderydesc" value="Values DESC"/>
		<phrase id="clicktodrilldown" value="Click to drill down"/>
		<phrase id="currentfilters" value="Current filters:"/>
		<phrase id="deletefilter" value="Delete filter"/><!-- v8 -->
		<phrase id="deletefilterconfirm" value="Delete filter %s?" client="1"/><!-- v8 -->
		<phrase id="drilldownallrecords" value="All records"/>
		<phrase id="drilldownfilters" value="Drill down filters:"/>
		<phrase id="enterfiltername" value="Enter filter name" client="1"/><!-- v8 -->
		<phrase id="entersenderemail" value="Please enter sender email" client="1"/>
		<phrase id="enterpropersenderemail" value="Exceed maximum sender email count or email address incorrect" client="1"/>
		<phrase id="enterrecipientemail" value="Please enter recipient email" client="1"/>
		<phrase id="enterproperrecipientemail" value="Exceed maximum recipient email count or email address incorrect" client="1"/>
		<phrase id="enterproperccemail" value="Exceed maximum cc email count or email address incorrect" client="1"/>
		<phrase id="enterproperbccemail" value="Exceed maximum bcc email count or email address incorrect" client="1"/>
		<phrase id="entersubject" value="Please enter subject" client="1"/>
		<phrase id="emailformsender" value="From"/>
		<phrase id="emailformrecipient" value="To"/>
		<phrase id="emailformcc" value="Cc"/>
		<phrase id="emailformbcc" value="Bcc"/>
		<phrase id="emailformsubject" value="Subject"/>
		<phrase id="emailformmessage" value="Message"/>
		<phrase id="emailformcontenttype" value="Send as"/>
		<phrase id="emailformcontenttypeurl" value="URL"/>
		<phrase id="emailformcontenttypehtml" value="HTML"/>
		<phrase id="emptylabel" value="(Empty)"/>
		<phrase id="enterpassword" value="Please enter password" client="1"/>
		<phrase id="enterpwd" value="Please enter password" client="1"/>
		<phrase id="entersearchcriteria" value="Please enter search criteria"/>
		<phrase id="enteruid" value="Please enter user ID" client="1"/>
		<phrase id="entervalidatecode" value="Please enter the validation code shown" client="1"/>
		<phrase id="exceedmaxemailexport" value="Exceed maximum export email count. Please try again later."/>
		<phrase id="exportchart" value="Exporting chart: " client="1"/>
		<phrase id="exportchartdata" value="Exporting chart data" client="1"/>
		<phrase id="exportcharterror" value="Failed to export chart: " client="1"/>
		<phrase id="exportingchart" value="Exporting chart (%c of %t), please wait..." client="1"/>
		<phrase id="exporttoemail" value="Email" class="icon-email ewIcon" client="1"/><!-- v8 -->
		<phrase id="exporttoexcel" value="Export to Excel" class="icon-excel ewIcon"/><!-- v8 -->
		<phrase id="exporttopdf" value="Export to PDF" class="icon-pdf ewIcon"/><!-- v8 -->
		<phrase id="exporttoword" value="Export to Word" class="icon-word ewIcon"/><!-- v8 -->
		<phrase id="fieldrequiredindicator" value="&lt;span class=&quot;ewRequired&quot;&gt;&amp;nbsp;*&lt;/span&gt;"/>
		<phrase id="filter" value="Filter"/><!-- v8 -->
		<phrase id="filtername" value="Filter name" client="1"/><!-- v8 -->
		<phrase id="filters" value="Filters" class="icon-filter ewIcon"/><!-- v8 -->
		<phrase id="homepage" value="Home" class="glyphicon glyphicon-home ewIcon"/><!-- v8 -->
		<phrase id="incorrectcreditcard" value="Incorrect credit card number" client="1"/>
		<phrase id="incorrectdateymd" value="Incorrect date, format = yyyy%smm%sdd"/>
		<phrase id="incorrectdatemdy" value="Incorrect date, format = mm%sdd%syyyy"/>
		<phrase id="incorrectdatedmy" value="Incorrect date, format = dd%smm%syyyy"/>
		<phrase id="incorrectshortdateymd" value="Incorrect date, format = yy%smm%sdd"/>
		<phrase id="incorrectshortdatemdy" value="Incorrect date, format = mm%sdd%syy"/>
		<phrase id="incorrectshortdatedmy" value="Incorrect date, format = dd%smm%syy"/>
		<phrase id="incorrectemail" value="Incorrect email" client="1"/>
		<phrase id="incorrectfield" value="Incorrect field" client="1"/>
		<phrase id="incorrectfloat" value="Incorrect floating point number" client="1"/>
		<phrase id="incorrectguid" value="Incorrect GUID" client="1"/>
		<phrase id="incorrectinteger" value="Incorrect integer" client="1"/>
		<phrase id="incorrectphone" value="Incorrect phone number" client="1"/>
		<phrase id="incorrectrange" value="Number must be between %1 and %2" client="1"/>
		<phrase id="incorrectregexp" value="Regular expression not matched" client="1"/>
		<phrase id="incorrectssn" value="Incorrect Social Security Number" client="1"/>
		<phrase id="incorrecttime" value="Incorrect time (hh:mm:ss)" client="1"/>
		<phrase id="incorrectzip" value="Incorrect ZIP code" client="1"/>
		<phrase id="invalidpostrequest" value="Invalid post request"/><!-- v8 -->
		<phrase id="invaliduidpwd" value="Incorrect user ID or password"/>
		<phrase id="language" value="Language"/>
		<phrase id="loading" value="Loading%s..." client="1"/>
		<phrase id="login" value="Login"/>
		<phrase id="loginoptions" value="Options"/><!-- v8 -->
		<phrase id="loginpage" value="Login Page"/>
		<phrase id="logout" value="Logout"/>
		<phrase id="mobilemenu" value="Menu"/>
		<phrase id="monthjan" value="Jan"/>
		<phrase id="monthfeb" value="Feb"/>
		<phrase id="monthmar" value="Mar"/>
		<phrase id="monthapr" value="Apr"/>
		<phrase id="monthmay" value="May"/>
		<phrase id="monthjun" value="Jun"/>
		<phrase id="monthjul" value="Jul"/>
		<phrase id="monthaug" value="Aug"/>
		<phrase id="monthsep" value="Sep"/>
		<phrase id="monthoct" value="Oct"/>
		<phrase id="monthnov" value="Nov"/>
		<phrase id="monthdec" value="Dec"/>
		<phrase id="next" value="Next"/>
		<phrase id="nopermission" value="You do not have permission to access the page."/>
		<phrase id="norecord" value="No records found"/>
		<phrase id="noreportorcharts" value="No report or charts is selected for generation. Please check your report/charts settings."/>
		<phrase id="nodistinctcolvals" value="No distinct column values for sql: "/>
		<phrase id="nulllabel" value="(Null)"/>
		<phrase id="of" value="of"/>
		<phrase id="ok" value="OK" client="1"/><!-- v8 -->
		<phrase id="page" value="Page"/>
		<phrase id="pagerfirst" value="First"/>
		<phrase id="pagerlast" value="Last"/>
		<phrase id="pagernext" value="Next"/>
		<phrase id="pagerprevious" value="Previous"/>
		<phrase id="password" value="Password"/>
		<phrase id="pleaseselect" value="Please Select"/>
		<phrase id="popupall" value="(All)" client="1"/>
		<phrase id="popupfrom" value="From" client="1"/>
		<phrase id="popupnovalue" value="No value selected!" client="1"/>
		<phrase id="popupselect" value="Please Select" client="1"/>
		<phrase id="popupto" value="To" client="1"/>
		<phrase id="prev" value="Prev"/>
		<phrase id="printerfriendly" value="Printer Friendly" class="icon-print ewIcon"/><!-- v8 -->
		<phrase id="group" value="Groups"/>
		<phrase id="groupsperpage" value="Groups per page"/>
		<phrase id="qtr1" value="1st Quarter"/>
		<phrase id="qtr2" value="2nd Quarter"/>
		<phrase id="qtr3" value="3rd Quarter"/>
		<phrase id="qtr4" value="4th Quarter"/>
		<phrase id="record" value="Records"/>
		<phrase id="recordsperpage" value="Records per page"/>
		<phrase id="report" value="Reports"/>
		<phrase id="reset" value="Reset"/>
		<phrase id="resetallfilter" value="Reset all filters" class="icon-reset-search ewIcon"/><!-- v8 -->
		<phrase id="resetsearch" value="Reset search criteria"/>
		<phrase id="rptavg" value="AVG"/>
		<phrase id="rptcnt" value="COUNT"/>
		<phrase id="rptdtlrec" value=" detail records"/>
		<phrase id="rptgrandsummary" value="Grand Summary"/>
		<phrase id="rptgrandtotal" value="Grand Total"/>
		<phrase id="rptmax" value="MAX"/>
		<phrase id="rptmin" value="MIN"/>
		<phrase id="rptpagesummary" value="Page Summary"/>
		<phrase id="rptpagetotal" value="Page Total"/>
		<phrase id="rptseparator" value=":&amp;nbsp;"/>
		<phrase id="rptsum" value="SUM"/>
		<phrase id="rptsumhead" value="Summary for"/>
		<phrase id="savecurrentfilter" value="Save current filter"/>
		<phrase id="saveusername" value="Save my user name"/>
		<phrase id="search" value="Search"/>
		<phrase id="searchbtn" value="Filter Panel" class="glyphicon glyphicon-search ewIcon"/>
		<phrase id="selectall" value="(All)"/>
		<phrase id="sendemailbtn" value="Send" client="1"/>
		<phrase id="sendemailsuccess" value="Email sent successfully" client="1"/>
		<phrase id="showall" value="Show all"/>
		<phrase id="summary" value="Summary"/>
		<phrase id="tasks" value="Tasks"/>
		<phrase id="to" value="to"/>
		<phrase id="top" value="Top"/>
		<phrase id="total" value="Total"/>
		<phrase id="username" value="User name"/>
		<phrase id="valuenotexist" value="Value does not exist" client="1"/><!-- v8 -->
		<phrase id="viewimage" value="Click to view image"/><!-- v8 -->
		<phrase id="week" value="Week"/>
		<phrase id="year" value="Year"/>
		<!-- Search Operators -->
		<phrase id="=" value="&amp;nbsp;"/>
		<phrase id="&lt;&gt;" value="&amp;lt;&amp;gt;"/>
		<phrase id="&lt;" value="&amp;lt;"/>
		<phrase id="&lt;=" value="&amp;lt;="/>
		<phrase id="&gt;" value="&amp;gt;"/>
		<phrase id="&gt;=" value="&amp;gt;="/>
		<phrase id="like" value="contains"/>
		<phrase id="not like" value="not contains"/>
		<phrase id="starts with" value="starts with"/>
		<phrase id="ends with" value="ends with"/>
		<phrase id="is null" value="is null"/>
		<phrase id="is not null" value="is not null"/>
		<phrase id="between" value="between"/>
		<phrase id="and" value="and"/>
		<phrase id="or" value="or"/>
		<!-- Menu Prefix/Suffix -->
		<phrase id="simplereportmenuitemprefix" value=""/>
		<phrase id="simplereportmenuitemsuffix" value=""/>
		<phrase id="detailsummaryreportmenuitemprefix" value=""/>
		<phrase id="detailsummaryreportmenuitemsuffix" value=""/>
		<phrase id="crosstabreportmenuitemprefix" value=""/>
		<phrase id="crosstabreportmenuitemsuffix" value=""/>
		<phrase id="chartreportmenuitemprefix" value=""/>
		<phrase id="chartreportmenuitemsuffix" value=""/>
		<!-- Advanced Filter -->
		<phrase id="future" value="Future"/>
		<phrase id="past" value="Past"/>
		<phrase id="last14days" value="Last 14 days"/>
		<phrase id="last30days" value="Last 30 days"/>
		<phrase id="last7days" value="Last 7 days"/>
		<phrase id="next14days" value="Next 14 days"/>
		<phrase id="next30days" value="Next 30 days"/>
		<phrase id="next7days" value="Next 7 days"/>
		<phrase id="today" value="Today"/>
		<phrase id="tomorrow" value="Tomorrow"/>
		<phrase id="yesterday" value="Yesterday"/>
		<phrase id="lastmonth" value="Last month"/>
		<phrase id="nextmonth" value="Next month"/>
		<phrase id="thismonth" value="This month"/>
		<phrase id="lasttwoweeks" value="Last two weeks"/>
		<phrase id="lastweek" value="Last week"/>
		<phrase id="nexttwoweeks" value="Next two weeks"/>
		<phrase id="nextweek" value="Next week"/>
		<phrase id="thisweek" value="This week"/>
		<phrase id="lastyear" value="Last year"/>
		<phrase id="nextyear" value="Next year"/>
		<phrase id="thisyear" value="This year"/>
	</global>
	<project><phrase id="footertext" value="&amp;copy;2015 e.World Technology Ltd. All rights reserved."/>
<menu id="1"><phrase id="menutext" value="account"/>
</menu>
<menu id="2"><phrase id="menutext" value="messages"/>
</menu>
<menu id="3"><phrase id="menutext" value="status"/>
</menu>
<menu id="4"><phrase id="menutext" value="Report"/>
</menu>
<menu id="5"><phrase id="menutext" value="Chart view"/>
</menu>
<table id="account"><phrase id="tblcaption" value="account"/>
<field id="client_id"><phrase id="fldcaption" value="client id"/>
</field>
<field id="login_id"><phrase id="fldcaption" value="login id"/>
</field>
<field id="name"><phrase id="fldcaption" value="name"/>
</field>
<field id="pass"><phrase id="fldcaption" value="pass"/>
</field>
</table>
<table id="messages"><phrase id="tblcaption" value="messages"/>
<field id="account_id"><phrase id="fldcaption" value="account id"/>
</field>
<field id="id"><phrase id="fldcaption" value="id"/>
</field>
<field id="uname"><phrase id="fldcaption" value="uname"/>
</field>
<field id="dtime"><phrase id="fldcaption" value="dtime"/>
</field>
<field id="pnumber"><phrase id="fldcaption" value="pnumber"/>
</field>
<field id="message"><phrase id="fldcaption" value="message"/>
</field>
<field id="image"><phrase id="fldcaption" value="image"/>
</field>
<field id="m_type"><phrase id="fldcaption" value="m type"/>
</field>
<field id="m_url"><phrase id="fldcaption" value="M url"/>
</field>
<field id="timeta"><phrase id="fldcaption" value="Date Time"/>
</field>
</table>
<table id="status"><phrase id="tblcaption" value="status"/>
<field id="id"><phrase id="fldcaption" value="id"/>
</field>
<field id="status"><phrase id="fldcaption" value="status"/>
</field>
<field id="profile_pix"><phrase id="fldcaption" value="profile pix"/>
</field>
<field id="autoreply"><phrase id="fldcaption" value="autoreply"/>
</field>
<field id="phonenumber"><phrase id="fldcaption" value="phonenumber"/>
</field>
<field id="account_id"><phrase id="fldcaption" value="account id"/>
</field>
</table>
<table id="view1"><phrase id="tblcaption" value="view 1"/>
<chart id="chart1"><phrase id="chartcaption" value="Chart 1"/>
<phrase id="chartxaxisname" value="Time "/>
<phrase id="chartyaxisname" value="Messages Count"/>
</chart>
<field id="count28messages_message29"><phrase id="fldcaption" value="# of Received Message"/>
</field>
<field id="timeta"><phrase id="fldcaption" value="Date Time"/>
</field>
</table>
</project>
</ew-language>
